OP,APP,APP-QL,APP-QL-CNI,APP-QL-COP,APP-QL-DSC,APP-QL-EMP,APP-QL-FNA,APP-QL-IDV,APP-QL-PRI,APP-QL-PGL,APP-QL-PBN,APP-QL-RST,APP-QL-SBN,APP-QL-SCN,APP-QL-TAX,LLR
,,,APP-QL-CNI-004,,,,,,,,,,,,,
,,,APP-QL-CNI-005,,,,,,,,,,,,,
,,,APP-QL-CNI-006,,,,,,,,,,,,,
,,,APP-QL-CNI-007,,,,,,,,,,,,,
,,,APP-QL-CNI-008,,,,,,,,,,,,,
,,,APP-QL-CNI-009,,,,,,,,,,,,,
,,,APP-QL-CNI-010,,,,,,,,,,,,,
,,,APP-QL-CNI-011,,,,,,,,,,,,,
,,,APP-QL-CNI-012,,,,,,,,,,,,,
,,,APP-QL-CNI-013,,,,,,,,,,,,,
,,,APP-QL-CNI-014,,,,,,,,,,,,,
,,,APP-QL-CNI-015,,,,,,,,,,,,,
,,,APP-QL-CNI-016,,,,,,,,,,,,,
,,,APP-QL-CNI-017,,,,,,,,,,,,,
,,,APP-QL-CNI-018,,,,,,,,,,,,,
,,,APP-QL-CNI-019,,,,,,,,,,,,,
,,,APP-QL-CNI-020,,,,,,,,,,,,,
,,,APP-QL-CNI-021,,,,,,,,,,,,,
,,,APP-QL-CNI-022,,,,,,,,,,,,,
,,,APP-QL-CNI-023,,,,,,,,,,,,,
